direction,reduce_motion,milliseconds_since_capture_reset,presentation_offset_points
opening,false,799,12.33
opening,false,825,14.00
opening,false,852,15.66
opening,false,879,16.66
opening,false,889,18.33
opening,false,918,19.33
opening,false,943,20.33
opening,false,970,22.00
opening,false,995,23.00
opening,false,1020,24.66
opening,false,1031,25.66
opening,false,1055,26.66
opening,false,1081,27.66
opening,false,1109,29.33
opening,false,1120,31.33
opening,false,1155,32.33
opening,false,1187,34.33
opening,false,1213,35.00
opening,false,1226,37.00
opening,false,1252,38.00
opening,false,1278,40.00
opening,false,1305,41.00
opening,false,1320,42.66
opening,false,1351,43.66
opening,false,1377,44.66
opening,false,1406,46.66
opening,false,1439,48.33
opening,false,1468,50.33
opening,false,1480,52.33
opening,false,1520,53.33
opening,false,1548,54.00
opening,false,1576,56.00
opening,false,1588,58.00
opening,false,1621,59.00
opening,false,1648,60.66
opening,false,1676,61.66
opening,false,1688,63.33
opening,false,1719,64.33
opening,false,1747,65.33
opening,false,1775,67.00
opening,false,1803,68.66
opening,false,1829,70.66
opening,false,1857,71.33
opening,false,1888,73.00
opening,false,1914,74.00
opening,false,1924,75.66
opening,false,1953,76.33
opening,false,1980,77.33
opening,false,2005,78.66
opening,false,2031,80.33
opening,false,2058,81.00
opening,false,2068,82.66
opening,false,2101,83.33
opening,false,2127,84.00
opening,false,2154,85.33
opening,false,2179,86.00
opening,false,2206,87.00
opening,false,2215,88.33
opening,false,2252,88.66
opening,false,2279,89.00
opening,false,2305,90.00
opening,false,2666,87.75
opening,false,2682,81.35
opening,false,2699,72.73
opening,false,2716,61.28
opening,false,2732,51.82
opening,false,2749,42.96
opening,false,2766,34.99
opening,false,2782,28.03
opening,false,2799,22.09
opening,false,2816,13.05
opening,false,2849,9.77
opening,false,2866,7.16
opening,false,2882,5.13
opening,false,2899,3.57
opening,false,2916,2.60
opening,false,2932,1.68
opening,false,2949,1.00
opening,false,2966,0.45
opening,false,2982,0.15
opening,false,2999,-0.04
opening,false,3016,-0.16
opening,false,3032,-0.23
opening,false,3049,-0.26
opening,false,3082,-0.25
opening,false,3099,-0.22
opening,false,3116,-0.20
opening,false,3132,-0.17
opening,false,3149,-0.14
opening,false,3166,-0.12
opening,false,3182,-0.10
opening,false,3199,-0.08
opening,false,3216,-0.06
opening,false,3232,-0.04
opening,false,3267,-0.03
opening,false,3282,-0.01
closing,false,759,308.93
closing,false,770,308.26
closing,false,784,307.26
closing,false,800,306.26
closing,false,817,305.60
closing,false,834,304.60
closing,false,850,303.60
closing,false,867,302.93
closing,false,883,301.93
closing,false,900,300.93
closing,false,917,299.93
closing,false,934,299.26
closing,false,950,298.26
closing,false,967,297.26
closing,false,984,296.26
closing,false,1000,295.26
closing,false,1017,294.60
closing,false,1033,293.60
closing,false,1050,292.60
closing,false,1067,291.60
closing,false,1084,290.60
closing,false,1100,289.60
closing,false,1117,288.93
closing,false,1133,287.93
closing,false,1150,286.93
closing,false,1167,285.93
closing,false,1183,284.93
closing,false,1200,283.93
closing,false,1217,282.93
closing,false,1233,282.26
closing,false,1250,281.26
closing,false,1267,280.26
closing,false,1283,279.26
closing,false,1300,278.26
closing,false,1317,277.26
closing,false,1333,276.26
closing,false,1350,275.60
closing,false,1367,274.60
closing,false,1384,273.60
closing,false,1400,272.60
closing,false,1417,271.60
closing,false,1433,270.60
closing,false,1450,269.93
closing,false,1466,268.93
closing,false,1484,267.93
closing,false,1500,266.93
closing,false,1517,266.26
closing,false,1533,265.26
closing,false,1550,264.26
closing,false,1567,263.26
closing,false,1584,262.60
closing,false,1600,261.60
closing,false,1617,260.60
closing,false,1634,259.93
closing,false,1650,258.93
closing,false,1667,258.26
closing,false,1683,257.26
closing,false,1700,256.26
closing,false,1717,255.60
closing,false,1733,254.60
closing,false,1750,253.93
closing,false,1767,253.26
closing,false,1783,252.26
closing,false,1800,251.60
closing,false,1817,250.93
closing,false,1834,249.93
closing,false,1850,249.26
closing,false,1867,248.60
closing,false,1884,247.93
closing,false,1900,247.26
closing,false,1917,246.60
closing,false,1934,245.93
closing,false,1950,245.26
closing,false,1967,244.60
closing,false,1984,243.93
closing,false,2000,243.60
closing,false,2017,242.93
closing,false,2034,242.60
closing,false,2050,241.93
closing,false,2067,241.60
closing,false,2433,245.53
closing,false,2450,252.18
closing,false,2466,260.28
closing,false,2483,268.82
closing,false,2499,277.16
closing,false,2516,284.89
closing,false,2533,291.80
closing,false,2550,297.81
closing,false,2566,302.91
closing,false,2583,307.15
closing,false,2604,310.63
opening,true,776,12.33
opening,true,787,13.33
opening,true,804,14.00
opening,true,820,15.00
opening,true,834,15.66
opening,true,850,16.66
opening,true,867,17.66
opening,true,884,18.33
opening,true,900,19.33
opening,true,917,20.33
opening,true,934,21.00
opening,true,951,22.00
opening,true,970,23.00
opening,true,987,24.00
opening,true,1001,24.66
opening,true,1017,25.66
opening,true,1034,26.66
opening,true,1050,27.66
opening,true,1068,28.66
opening,true,1084,29.33
opening,true,1100,30.33
opening,true,1117,31.33
opening,true,1134,32.33
opening,true,1150,33.33
opening,true,1167,34.33
opening,true,1184,35.00
opening,true,1203,36.00
opening,true,1219,37.00
opening,true,1234,38.00
opening,true,1250,39.00
opening,true,1267,40.00
opening,true,1284,41.00
opening,true,1300,41.66
opening,true,1317,42.66
opening,true,1334,43.66
opening,true,1350,44.66
opening,true,1367,45.66
opening,true,1384,46.66
opening,true,1400,47.66
opening,true,1417,48.33
opening,true,1434,49.33
opening,true,1450,50.33
opening,true,1467,51.33
opening,true,1484,52.33
opening,true,1500,53.33
opening,true,1517,54.00
opening,true,1534,55.00
opening,true,1550,56.00
opening,true,1567,57.00
opening,true,1584,58.00
opening,true,1601,59.00
opening,true,1617,59.66
opening,true,1634,60.66
opening,true,1650,61.66
opening,true,1667,62.66
opening,true,1684,63.33
opening,true,1700,64.33
opening,true,1717,65.33
opening,true,1734,66.00
opening,true,1750,67.00
opening,true,1767,68.00
opening,true,1784,68.66
opening,true,1800,69.66
opening,true,1817,70.66
opening,true,1834,71.33
opening,true,1850,72.33
opening,true,1867,73.00
opening,true,1884,74.00
opening,true,1900,74.66
opening,true,1917,75.66
opening,true,1934,76.33
opening,true,1950,77.33
opening,true,1967,78.00
opening,true,1984,78.66
opening,true,2000,79.66
opening,true,2017,80.33
opening,true,2034,81.00
opening,true,2050,81.66
opening,true,2067,82.66
opening,true,2084,83.33
opening,true,2101,84.00
opening,true,2120,84.66
opening,true,2136,85.33
opening,true,2150,86.00
opening,true,2167,86.66
opening,true,2184,87.00
opening,true,2200,87.66
opening,true,2217,88.33
opening,true,2234,88.66
opening,true,2250,89.00
opening,true,2267,89.66
opening,true,2283,90.00
opening,true,2649,88.48
opening,true,2666,83.72
opening,true,2683,75.57
opening,true,2699,64.28
opening,true,2716,50.72
opening,true,2733,36.44
opening,true,2749,23.23
opening,true,2766,12.52
opening,true,2783,5.05
opening,true,2799,0.96
opening,true,2823,0.00
closing,true,742,308.93
closing,true,753,308.26
closing,true,767,307.26
closing,true,784,306.26
closing,true,800,305.60
closing,true,817,304.60
closing,true,834,303.60
closing,true,850,302.93
closing,true,867,301.93
closing,true,883,300.93
closing,true,900,299.93
closing,true,917,299.26
closing,true,933,298.26
closing,true,950,297.26
closing,true,967,296.26
closing,true,984,295.26
closing,true,1002,294.60
closing,true,1017,293.60
closing,true,1033,292.60
closing,true,1052,291.60
closing,true,1067,290.60
closing,true,1083,289.60
closing,true,1102,288.93
closing,true,1117,287.93
closing,true,1134,286.93
closing,true,1150,285.93
closing,true,1167,284.93
closing,true,1184,283.93
closing,true,1200,282.93
closing,true,1217,282.26
closing,true,1233,281.26
closing,true,1250,280.26
closing,true,1267,279.26
closing,true,1285,278.26
closing,true,1300,277.26
closing,true,1317,276.26
closing,true,1333,275.60
closing,true,1352,274.60
closing,true,1368,273.60
closing,true,1383,272.60
closing,true,1401,271.60
closing,true,1417,270.60
closing,true,1435,269.93
closing,true,1450,268.93
closing,true,1467,267.93
closing,true,1483,266.93
closing,true,1501,266.26
closing,true,1517,265.26
closing,true,1533,264.26
closing,true,1550,263.26
closing,true,1567,262.60
closing,true,1585,261.60
closing,true,1600,260.60
closing,true,1616,259.93
closing,true,1633,258.93
closing,true,1651,258.26
closing,true,1667,257.26
closing,true,1683,256.26
closing,true,1700,255.60
closing,true,1717,254.60
closing,true,1734,253.93
closing,true,1750,253.26
closing,true,1767,252.26
closing,true,1783,251.60
closing,true,1800,250.93
closing,true,1817,249.93
closing,true,1834,249.26
closing,true,1850,248.60
closing,true,1867,247.93
closing,true,1883,247.26
closing,true,1900,246.60
closing,true,1917,245.93
closing,true,1933,245.26
closing,true,1950,244.60
closing,true,1967,243.93
closing,true,1984,243.60
closing,true,2000,242.93
closing,true,2017,242.60
closing,true,2033,241.93
closing,true,2050,241.60
closing,true,2399,242.94
closing,true,2416,247.17
closing,true,2433,254.41
closing,true,2450,264.45
closing,true,2466,276.50
closing,true,2483,289.20
closing,true,2499,300.94
closing,true,2516,310.46
closing,true,2533,317.10
closing,true,2549,320.74
closing,true,2566,321.60
